characters/models/common/child_average/heads/h_04_cwa__skellige_villager/h_04_cwa__skellige_villager.w3fac
characters/models/common/man_average/heads/h_29_ma__citizen_young/h_29_ma__citizen_young.w3fac
characters/models/common/woman_average/heads/h_43_wa__woman_fat/h_43_wa__woman_fat.w3fac
dlc/bob/data/characters/models/common/man_average/heads/h_01_ma__bob_lukasz/h_01_ma__bob_lukasz.w3fac
dlc/bob/data/characters/models/common/man_average/heads/h_03_ma__bob/h_03_ma__bob.w3fac
dlc/bob/data/characters/models/common/man_average/heads/h_11_ma__ep1_bob/h_11_ma__dlc.w3fac
dlc/bob/data/characters/models/common/man_average/heads/h_13_ma__bob/h_13_ma__bob.w3fac
dlc/bob/data/characters/models/common/man_average/heads/h_14_ma__bob/h_14_ma__bob.w3fac
dlc/bob/data/characters/models/common/man_average/heads/h_15_ma__bob/h_15_ma__bob.w3fac
dlc/bob/data/characters/models/main_npc/regis/h_01_ma__regis/h_01_ma__regis.w3fac
dlc/bob/data/characters/models/main_npc/regis/h_01_ma__regis/h_01_ma__regis_vampire.w3fac
dlc/bob/data/characters/models/secondary_npc/guillaume/h_01_ma__guillaume/h_01_ma_guillaume.w3fac
dlc/bob/data/characters/models/secondary_npc/hermit/h_01__hermit/h_01__hermit.w3fac
dlc/bob/data/characters/models/secondary_npc/palmerin/h_01_ma__palmerin/h_01_ma__palmerin.w3fac
dlc/bob/data/characters/models/secondary_npc/tailles/h_01_ma__tailles/h_01_ma__tailles.w3fac
dlc/ep1/data/characters/models/common/man_average/heads/h_01_ma__hakland_warrior/h_01_ma__hakland_warrior.w3fac
dlc/ep1/data/characters/models/main_npc/mirror_man/h_01_ma__mirror_man/h_01_ma__mirror_man.w3fac
dlc/ep1/data/characters/models/main_npc/mirror_man/h_01_ma__mirror_man/h_01_ma__mirror_man_satan.w3fac
dlc/ep1/data/characters/models/secondary_npc/hakland_mage/h_01_ma__hakland_mage/model/h_01_ma__hakland_mage.w3fac
dlc/ep1/data/characters/models/secondary_npc/iriss_father/h_01_ma__iriss_father/h_01_ma__iriss_father.w3fac
dlc/ep1/data/characters/models/secondary_npc/negotiator/h_01_ma__negotiator/h_01_ma__negotiator.w3fac
dlc/ep1/data/characters/models/secondary_npc/ofir_merchant/h_01_ma__ofir_merchant/h_01_ma__ofir_merchant.w3fac
dlc/ep1/data/characters/models/secondary_npc/quinto/h_01_ma__quinto/h_01_ma__quinto.w3fac
dlc/ep1/data/characters/models/secondary_npc/witold/h_01_ma__witold/face_export.w3fac
